customer_id,bp_number,english_name,chinese_name,rate_category,address_floor,address_room,address_street_3,address_street_2,address_house_number,address_street,address_district,address_region,currency,customer_name,email,mobile,billing_address,language_preference
1,net.ovh.Voyatouch,Fielding Pembry,婧琪,Estonian,Grover,65536,0239 Burrows Plaza,45704 Kropf Drive,48231,0 Clarendon Way,Texas,TX,USD,Joelly Fishby,jfishby0@state.tx.us,512-427-7074,59214 Ilene Road,Kurdish
2,edu.columbia.Matsoft,Dominga Garlic,晓晴,Quechua,Heath,8084,2 Tomscot Pass,619 Glacier Hill Alley,693,496 Rockefeller Hill,Texas,TX,USD,Pat Sainte Paul,psainte1@mediafire.com,361-124-8818,151 Surrey Way,Bosnian
3,com.mlb.Mat Lam Tam,Laurent Pixton,泰霖,Lao,8th,9294,99 Carey Circle,23 Bultman Plaza,19,550 Banding Road,North Carolina,NC,USD,L;urette Spire,lspire2@netlog.com,910-503-4292,04382 Butterfield Road,Tok Pisin
4,com.storify.Greenlam,Jennine Titherington,秩选,Swahili,Lukken,83,8003 Clyde Gallagher Circle,13 Victoria Way,28447,6264 Saint Paul Alley,New York,NY,USD,Cassy Mackett,cmackett3@1688.com,518-586-6007,7597 Commercial Point,Telugu
5,cz.toplist.Tin,Amalita Varne,琪煜,Tamil,Elgar,1,300 Esker Terrace,717 Dahle Center,2,3786 Merchant Plaza,California,CA,USD,Rosie Findlay,rfindlay4@spiegel.de,760-578-2673,57 Mayer Center,Swati
6,gov.usda.Sub-Ex,Joletta Lavallin,雅芙,Luxembourgish,Hoepker,252,319 Schlimgen Center,59771 Quincy Crossing,69,354 Gateway Way,Indiana,IN,USD,Loralie Lawlee,llawlee5@fda.gov,812-993-8158,0 Novick Drive,Papiamento
7,com.studiopress.Prodder,Kristine O'Cleary,琪煜,Icelandic,Menomonie,9179,7 Warbler Point,59428 Lindbergh Way,1238,937 Parkside Crossing,Washington,WA,USD,Luce Rickets,lrickets6@fda.gov,360-616-5300,146 Pleasure Lane,Irish Gaelic
8,com.twitter.Stronghold,Channa O'Keenan,羽彤,Amharic,Eggendart,200,516 Maple Crossing,6 Oriole Road,6,016 Brickson Park Drive,North Carolina,NC,USD,Alica Boatswain,aboatswain7@i2i.jp,704-360-6799,08425 Schiller Drive,Estonian
9,com.mtv.Fix San,Agatha Lorie,云哲,Amharic,Springview,4960,221 Eastwood Point,459 Cardinal Drive,19554,85 Golf Course Avenue,Massachusetts,MA,USD,Remy Prandy,rprandy8@cdbaby.com,617-888-7091,89925 Redwing Way,Latvian
10,com.mtv.Treeflex,Winn Irdale,月婵,Kurdish,Weeping Birch,69021,0 Norway Maple Park,0 5th Crossing,578,0156 Randy Junction,Pennsylvania,PA,USD,Vinny Jendrach,vjendrach9@unblog.fr,412-919-5132,6424 Declaration Circle,Japanese
11,com.aol.Temp,Murdock Emlyn,雨萌,Bulgarian,Roxbury,587,6 Sutteridge Circle,9 Ilene Drive,3,955 Warrior Street,Maryland,MD,USD,Cass Kinsett,ckinsetta@amazon.de,410-149-7491,7711 Village Street,Spanish
12,com.intel.Vagram,Natty Lohan,玺越,Czech,Schurz,868,525 Artisan Hill,39270 Vermont Way,129,314 Reindahl Lane,Ohio,OH,USD,Ben Ramsbotham,bramsbothamb@usatoday.com,440-217-4608,96 Heffernan Center,Hindi
13,com.elegantthemes.Treeflex,Kristofor Breewood,墨含,Moldovan,Graceland,414,9 Monica Trail,0241 Dryden Parkway,13,17 Cherokee Junction,Massachusetts,MA,USD,Charlene Wormald,cwormaldc@yale.edu,508-113-2738,4 Cascade Alley,Finnish
14,com.oakley.Span,Farly Bentall,淑颖,Hiri Motu,Butternut,747,19 Clemons Place,897 4th Center,33230,3130 Marcy Park,Alabama,AL,USD,Corella Edridge,cedridged@reverbnation.com,205-850-7808,623 Dottie Avenue,Portuguese
15,de.e-recht24.Konklab,Lonna Ripper,怡香,Yiddish,Iowa,45,2 Shopko Point,7289 Eagan Hill,8,6225 5th Place,Florida,FL,USD,Vikki Garbar,vgarbare@mozilla.com,352-237-6936,0 Sunfield Crossing,Moldovan
16,com.nifty.Veribet,Ayn Marchant,泽瀚,Punjabi,Southridge,0,55 Grim Hill,753 Hallows Pass,67739,693 Pennsylvania Terrace,Florida,FL,USD,Alejoa Louisot,alouisotf@foxnews.com,407-109-3681,7469 Pleasure Plaza,Lao
17,com.imgur.Fix San,Korella Roussell,芮涵,Italian,Prentice,94794,9 Susan Pass,68226 Fulton Crossing,9430,695 Melby Parkway,Florida,FL,USD,Dew Giorgetti,dgiorgettig@businesswire.com,941-741-1225,39802 Old Gate Alley,Albanian
18,com.tripadvisor.Flexidy,Aguie Schaumann,博裕,Yiddish,Larry,4,8785 Lighthouse Bay Park,0915 David Way,99,017 Almo Circle,Pennsylvania,PA,USD,Kay Prewer,kprewerh@nps.gov,412-122-0782,5481 Tennessee Hill,Papiamento
19,de.1und1.Span,Oralia Matiebe,浩霖,Macedonian,Forest,4,3229 Merry Crossing,78 Mcguire Crossing,6082,031 Tennyson Trail,Georgia,GA,USD,Artemus Litchmore,alitchmorei@over-blog.com,404-503-1248,12869 Corben Parkway,Portuguese
20,org.redcross.Zamit,Dore Gregoratti,韵寒,Luxembourgish,Debs,867,29 American Ash Plaza,200 Erie Way,6,48776 Loftsgordon Circle,Oklahoma,OK,USD,Hestia Ferreri,hferrerij@ftc.gov,405-120-2478,47323 Bay Court,Quechua
21,cz.toplist.Voltsillam,Ludvig Fealey,宸赫,Kashmiri,Scott,42,676 Pond Parkway,23055 Karstens Alley,86,6874 Prentice Way,Virginia,VA,USD,Norbert Marklin,nmarklink@unesco.org,571-710-5036,62 Springview Lane,Korean
22,com.com.Zaam-Dox,Dinny Lindemann,唯枫,Afrikaans,Delladonna,4923,73419 Waubesa Drive,53348 Fallview Lane,914,273 Northview Street,Texas,TX,USD,Pamelina Worman,pwormanl@canalblog.com,210-563-7855,347 Sachs Junction,French
23,br.com.google.Namfix,Blaine Anthoney,昕磊,West Frisian,American,6,8 Ryan Alley,949 Straubel Park,557,3626 Florence Circle,Minnesota,MN,USD,Virgilio Tumayan,vtumayanm@dell.com,320-778-5225,9 Bowman Place,Latvian
24,com.hc360.Bitwolf,Jillane Ponnsett,雅静,Kurdish,Muir,8,0 Colorado Parkway,7932 Coolidge Terrace,634,6 Thackeray Circle,Utah,UT,USD,Jacquelynn Scarrisbrick,jscarrisbrickn@virginia.edu,801-217-9177,2727 Northwestern Plaza,Dari
25,jp.ne.sakura.Aerified,Boone Bartlomiejczyk,玺越,Kazakh,Brown,29386,322 Ridge Oak Center,21918 Buena Vista Crossing,857,0045 Algoma Drive,District of Columbia,DC,USD,Andree Caudrelier,acaudreliero@stumbleupon.com,202-742-3617,29 Tennessee Hill,Pashto
26,net.cpanel.Greenlam,Marcello Hugonnet,俞凯,Polish,Stone Corner,31,55622 Loomis Court,75 Dakota Alley,52,624 Burrows Lane,New York,NY,USD,Mabel Dmych,mdmychp@ameblo.jp,718-628-8856,318 Havey Avenue,Arabic
27,com.youtube.Tres-Zap,Harry Westerman,淑颖,Lithuanian,Emmet,3381,98 Gale Street,342 Esch Trail,2998,8121 American Point,District of Columbia,DC,USD,Warden Ernshaw,wernshawq@theguardian.com,202-627-0295,67533 Corry Crossing,Tok Pisin
28,cc.tiny.Domainer,Sharron Clohisey,娅楠,Irish Gaelic,Everett,74361,6 Swallow Plaza,81 Jenifer Parkway,68459,23 Warbler Pass,Florida,FL,USD,Rickert Schapero,rschaperor@newsvine.com,786-192-3107,50 Lotheville Park,Arabic
29,com.csmonitor.Lotlux,Grant Godin,尹智,Swedish,Kingsford,77,3422 Declaration Pass,0 Blue Bill Park Road,82,0 Lukken Drive,Minnesota,MN,USD,Josephine Berryman,jberrymans@soup.io,763-570-6112,3 School Point,Telugu
30,com.springer.Tresom,Brandy Stoffer,月松,Bislama,Novick,3,226 Bonner Place,52796 Grasskamp Parkway,6,1903 Waubesa Street,Missouri,MO,USD,Jsandye Howgill,jhowgillt@state.gov,816-974-7360,79857 Hermina Court,Quechua
31,me.flavors.Toughjoyfax,Sampson Kincaid,冠希,Malay,Maywood,122,393 Elmside Parkway,46 Granby Street,69,4 Springs Junction,Indiana,IN,USD,Hanna Cherry,hcherryu@tamu.edu,812-143-9492,9040 Lunder Road,Hebrew
32,com.taobao.Konklab,Domeniga Signorelli,美琳,New Zealand Sign Language,New Castle,76,392 Oak Plaza,6598 Miller Road,3676,3 Eagle Crest Alley,District of Columbia,DC,USD,Lucina Dri,ldriv@list-manage.com,202-573-8761,1 Erie Park,Kyrgyz
33,com.java.Tres-Zap,Welsh Dunbar,晓烽,Tamil,Texas,837,1 Myrtle Court,75 Prentice Point,3,429 Grover Crossing,Louisiana,LA,USD,Georgena Spencer,gspencerw@ucla.edu,225-279-3421,2 Jackson Point,Albanian
34,net.discuz.Wrapsafe,Keary Chucks,晓烽,Telugu,Forest Run,48097,6669 Fieldstone Court,13997 Comanche Trail,2,67 Corscot Plaza,Florida,FL,USD,Alyssa Stockbridge,astockbridgex@phpbb.com,727-922-9256,53 Ridge Oak Way,Mongolian
35,com.mayoclinic.Bitchip,Benetta Heartfield,睿杰,Icelandic,Vernon,54,4 Pond Crossing,85080 Bayside Trail,937,00403 Hermina Avenue,Louisiana,LA,USD,Rebecka Narup,rnarupy@taobao.com,337-262-3053,3442 Jenna Crossing,Armenian
36,it.google.Zaam-Dox,Josy Newby,碧萱,Gujarati,Evergreen,529,5365 New Castle Drive,863 Graceland Point,2,60 Sunfield Pass,California,CA,USD,Wilbur Byard,wbyardz@histats.com,408-159-0097,9810 Northport Way,Tamil
37,io.pen.Matsoft,Bessy Barlace,冠泽,Malayalam,Erie,61,2 Algoma Plaza,8641 Melvin Terrace,2035,36 Nelson Court,Alabama,AL,USD,George Shew,gshew10@google.cn,205-379-7814,57884 Dahle Way,Swedish
38,es.google.Transcof,Isis Gandar,雅静,Gagauz,Oneill,861,228 Westerfield Place,3 American Ash Place,98172,3394 Towne Junction,Pennsylvania,PA,USD,Patrice Kees,pkees11@uiuc.edu,267-950-8083,84480 Union Court,Bosnian
39,net.behance.Bigtax,Nobe Cullington,烨伟,Ndebele,Sauthoff,82,8071 Michigan Trail,96 Parkside Street,57,870 Oakridge Crossing,Indiana,IN,USD,Jan Berndtssen,jberndtssen12@guardian.co.uk,260-544-8091,58047 Surrey Point,Sotho
40,com.bigcartel.Zaam-Dox,Veradis Shobrook,银含,Mongolian,Delaware,36979,51810 Westridge Point,5036 Kensington Terrace,446,3 Rutledge Way,Iowa,IA,USD,Marti Hazel,mhazel13@chron.com,515-275-3140,50 Caliangt Hill,Somali
41,com.canalblog.Cardify,Micky Martinson,哲恒,Gagauz,Monterey,4,8 Ryan Road,62083 Pearson Junction,453,1398 Charing Cross Circle,District of Columbia,DC,USD,Morten Skalls,mskalls14@networkadvertising.org,202-802-5675,5095 Haas Road,Tetum
42,com.bizjournals.Lotlux,Miof mela Renard,远帆,Italian,Tomscot,11923,6246 Cherokee Pass,9 Meadow Vale Road,5490,544 Bowman Parkway,Florida,FL,USD,Carry Ranklin,cranklin15@usa.gov,786-306-5628,9 Sachs Court,Pashto
43,org.slashdot.Zaam-Dox,Amalea Marlor,思宇,Maltese,Saint Paul,122,6 Anzinger Park,25995 Anzinger Court,140,61116 Londonderry Parkway,Florida,FL,USD,Jacinthe Illsley,jillsley16@microsoft.com,786-139-8025,365 Dennis Place,Thai
44,gov.fema.Rank,Ailina Garmons,萧然,Indonesian,Mockingbird,5,2 Stuart Junction,93 Golf Way,46,97 Northwestern Park,Florida,FL,USD,Adler Floris,afloris17@timesonline.co.uk,727-417-4564,57 Ludington Avenue,Montenegrin
45,gov.loc.Zamit,Davida Boustred,海程,Kyrgyz,South,72,4 Huxley Lane,1644 Elka Way,432,1 Meadow Ridge Center,Nebraska,NE,USD,Ethelbert Sawkin,esawkin18@microsoft.com,402-250-2517,691 Namekagon Way,Georgian
46,edu.upenn.Daltfresh,Bessie Digginson,明美,Irish Gaelic,Reinke,15112,56 Pawling Crossing,2963 Westridge Lane,7543,30258 Vernon Point,Texas,TX,USD,Hervey Collick,hcollick19@tmall.com,281-157-6972,329 Hoepker Hill,Tsonga
47,hk.com.google.Daltfresh,Myrtie Levings,鑫蕾,Portuguese,Hanson,2,45 Fisk Drive,18944 South Lane,79,8 Gina Pass,Delaware,DE,USD,Cross Twelves,ctwelves1a@nba.com,302-549-6253,1614 Corben Point,Gagauz
48,nl.google.Zathin,Aurelea Feirn,若瑾,Kyrgyz,David,77,28668 Kennedy Plaza,19 American Alley,4117,43 Northwestern Alley,South Carolina,SC,USD,Lexi Quakley,lquakley1b@addtoany.com,803-124-4534,1550 Fulton Court,Korean
49,com.sogou.Transcof,Felipe Bailie,奕漳,Zulu,Golden Leaf,3567,48659 Lyons Street,1 Hanson Point,0,60627 Eggendart Pass,Missouri,MO,USD,Jolynn Bilbie,jbilbie1c@clickbank.net,314-781-7156,144 Golf Crossing,Swati
50,com.ucoz.Quo Lux,Jannel Pavitt,佐仪,Moldovan,Russell,4,747 Colorado Street,6 Schiller Hill,3051,53 Basil Trail,Connecticut,CT,USD,Abbey Harower,aharower1d@biglobe.ne.jp,860-125-2312,02515 Mcbride Street,Dhivehi